Placa,Transportadora,TipoVeiculo,PrecisaRevisao
AAK8958,Cooperativa dos Transportadores Unidos Ltda.,Carreta,Nao
AFZ8792,Dorsum Transporte e Logistica Eireli,Carreta,Nao
AHG5900,Coopertral,Carreta,Nao
AJM6032,Logmaster Armazem e Logistica Ltda,Carreta,Nao
AJY3407,TAC Transportes Armazenagem e Logistica,Carreta,Nao
AMU5835,Sandra Campanholo Transportes-ME,Carreta,Nao
ANA6563,Cooperativa Riobranquense de Transportes Ltda.,Carreta,Nao
ANE3214,Noelia de Sousa Machado 03794699521,3/4,Nao
APA4111,Cooperativa de Transp e Logist de Sao Sebastiao do Oeste Mg,Carreta,Nao
APA4B11,Cooperativa de Transp e Logist de Sao Sebastiao do Oeste Mg,Carreta,Nao
APN0660,Tais Simoes Me,Carreta,Nao
AQP1978,R A de Castilho Transportes,Carreta,Nao
ARA0338,Fidelis Transportes Ltda.,Bitruck,Nao
ARF4702,Cisne Branco Transportes Ltda EPP,Carreta,Nao
ARF4H02,Cisne Branco,Carreta,Nao
ARX9505,Friocargo Triangulo Ltda,Carreta,Nao
ASE5007,Cooperativa Riobranquense de Transportes Ltda.,Carreta,Nao
ASE5A07,Cooperativa Riobranquense de Transportes Ltda.,Carreta,Nao
ASG3E42,Baixotes Transportes,Carreta,Nao
ASQ2913,Washington L S Costa Junior - ME,Truck,Nao
ATD5001,Transportadora Multi Express Ltda,Carreta,Nao
ATF4700,Fidelis Transportes Ltda.,Carreta,Nao
ATK3B08,Transportadora Multi Express Ltda,Carreta,Nao
ATM1380,Coopernova Coop Riobranquense de Transporte,Carreta,Nao
ATM1480,Cooperativa Riobranquense de Transportes Ltda.,Carreta,Nao
ATO2450,Fidelis Transportes Ltda.,Bitruck,Nao
ATZ9H26,Omega X Solucoes em Logistica e Armazenagem Ltda,Carreta,Nao
AUH8324,Transportadora Multi Express Ltda,Carreta,Nao
AVD4546,Transportadora Multi Express Ltda,Bitruck,Nao
AVD4F46,Giselda Aparecida Gomes Mundim Araujo,Bitruck,Nao
AVT3222,Fidelis Transportes Ltda.,Carreta,Nao
AVV3F98,Jorge Lemes da Silva Junior ME,Carreta,Nao
AZC5116,TAC Transportes Armazenagem e Logistica,Carreta,Nao
AZC5B17,Cooperativa dos Transportadores Unidos Ltda.,Carreta,Nao
AZI4219,Fidelis Transportes Ltda.,Bitruck,Nao
AZS1H23,Cisne Branco Transportes Ltda EPP,Carreta,Nao
AZV4440,Trans Thalia Transportes Ltda.,Carreta,Nao
BAH8650,Renato Pereira Lima 03425721640,3/4,Nao
BAW4341,Log SPM Ltda,Bitruck,Nao
BBL9819,Fidelis Transportes Ltda.,Bitruck,Nao
BBW1552,PH Fidelis Transportes e Representacoes Ltda,Carreta,Nao
BCH0685,Gold Star,Container,Nao
BCN2B65,Fidelis Transportes Ltda.,Bitruck,Nao
BDB2J69,Fidelis Transportes Ltda.,Truck,Nao
BDF5110,Candido Ribeiro do Vale Neto Com de Bebidas e Transportes,Carreta,Nao
BDZ3108,Cooperativa Riobranquense de Transportes Ltda.,Carreta,Nao
BDZ3B08,Miranda Lacerda Transportes Ltda.,Carreta,Nao
BDZ7E36,Cooperativa Riobranquense de Transportes Ltda.,Carreta,Nao
BRY0423,Transmartyna Ltda ME,Carreta,Nao
BRY3559,Transmartyna Ltda ME,Carreta,Nao
BTR0404,Dorsum Transporte e Logistica Eireli,Carreta,Nao
BTR0D21,Dorsum Transporte e Logistica Eireli,Carreta,Nao
BTR2914,R A de Castilho Transportes,Carreta,Nao
BUP9005,Dorsum Transporte e Logistica Eireli,Carreta,Nao
BWM8222,R A de Castilho Transportes,Carreta,Nao
BWQ3386,R A de Castilho Transportes,Carreta,Nao
BWV4948,Gold Star,Container,Nao
CDM5889,Cooperativa Riobranquense de Transportes Ltda.,Carreta,Nao
CDM5I89,Cooperativa dos Transportadores Unidos Ltda.,Carreta,Nao
CLH0866,R A de Castilho Transportes,Carreta,Nao
CLH2450,Cargofrio Logística e Armazenamento Ltda,Carreta,Nao
CLK5647,Dorsum Transporte e Logistica Eireli,Carreta,Nao
CNI9559,Gold Star,Container,Nao
CNP5E57,Coopertral,Carreta,Nao
CPG7D79,Candido Ribeiro do Vale Neto Com de Bebidas e Transportes,Carreta,Nao
CPJ2722,Transmartyna Ltda ME,Carreta,Nao
CPJ3104,Dorsum Transporte e Logistica Eireli,Carreta,Nao
CPJ5624,Dorsum Transporte e Logistica Eireli,Carreta,Nao
CUA4984,Dorsum Transporte e Logistica Eireli,Carreta,Nao
CUA6452,R A de Castilho Transportes,Carreta,Nao
CUA7761,Transmartyna Ltda ME,Carreta,Nao
CUB2232,Cooperativa Riobranquense de Transportes Ltda.,3/4,Nao
CUC4J12,Rodosousa,Truck,Nao
CUC9963,R A de Castilho Transportes,Carreta,Nao
CUE2313,Dorsum Transporte e Logistica Eireli,Carreta,Nao
CUE2750,Dorsum Transporte e Logistica Eireli,Carreta,Nao
CUH6E50,Cooperativa dos Transportadores Unidos Ltda.,Carreta,Nao
CVN0C42,Patos Logística Eirelli,Carreta,Nao
CVN1345,R A de Castilho Transportes,Carreta,Nao
CYN6310,R A de Castilho Transportes,Carreta,Nao
CYR8983,Flay Logistica e Armazenagem Ltda,Truck,Nao
CZX7719,Cisne Branco Transportes Ltda EPP,Carreta,Nao
DAO0759,Gold Star,Container,Nao
DAO2512,Trans Frios Transportes e Logistica Ltda ME,Truck,Nao
DAO2888,Noelia de Sousa Machado 03794699521,Truck,Nao
DAO2981,Friocargo Norte Ltda,3/4,Nao
DAO2H44,Friocargo Norte Ltda,Carreta,Nao
DAO4959,Cooperativa Riobranquense de Transportes Ltda.,Carreta,Nao
DAO4J59,Transportadora Baixotes Transportes Ltda,Carreta,Nao
DAO9753,Dorsum Transporte e Logistica Eireli,Carreta,Nao
DBB8B81,Transmartyna Ltda ME,Carreta,Nao
DBB8E52,Dorsum Transporte e Logistica Eireli,Carreta,Nao
DBM4895,TAC Transportes Armazenagem e Logistica,Carreta,Nao
DBM8771,TAC Transportes Armazenagem e Logistica,Truck,Nao
DBM9754,Cooperativa Riobranquense de Transportes Ltda.,3/4,Nao
DBP3272,R A de Castilho Transportes,Carreta,Nao
DBP3294,R A de Castilho Transportes,Carreta,Nao
DBP4407,Transportes e Armazenagem Zilli Ltda,Truck,Nao
DJB9549,Cisne Branco,Carreta,Nao
DJB9651,Cisne Branco Transportes Ltda EPP,Carreta,Nao
DJE1454,Cooperativa dos Transportadores Unidos Ltda.,Carreta,Nao
DJF1B66,Omega X Solucoes em Logistica e Armazenagem Ltda,Carreta,Nao
DJF7527,Cisne Branco,Carreta,Nao
DJF8527,Cisne Branco,Carreta,Nao
DKR6382,Solucao Transportes e Servicos Eireli,Carreta,Nao
DKT5G89,AJB Transportes,Toco,Nao
DPB0054,Cisne Branco Transportes Ltda EPP,Carreta,Nao
DPB1843,Cooperativa dos Transportadores Unidos Ltda.,Carreta,Nao
DPB1856,Mix Transportes Rodoviarios Ltda - ME,Carreta,Nao
DPB1862,Cisne Branco,Carreta,Nao
DPB1863,Cisne Branco Transportes Ltda EPP,Carreta,Nao
DPB1864,Coopertral,Carreta,Nao
DPC9846,Dorsum Transporte e Logistica Eireli,Carreta,Nao
DPE9545,Cisne Branco Transportes Ltda EPP,Carreta,Nao
DPF3916,Dorsum Transporte e Logistica Eireli,Carreta,Nao
DPF9524,Maxfrios Distribuidora e Transporte Eireli,Truck,Nao
DQS1031,Posto Vanete Ltda,Carreta,Nao
DQS1041,Posto Vanete Ltda,Carreta,Nao
DQS1048,Omega X Solucoes em Logistica e Armazenagem Ltda,Carreta,Nao
DQS9035,Cooperativa Riobranquense de Transportes Ltda.,3/4,Nao
DSG0571,Flay Logistica e Armazenagem Ltda,Truck,Nao
DTA3156,Cisne Branco,Carreta,Nao
DTB2717,Cisne Branco Transportes Ltda EPP,Carreta,Nao
DTD8890,TAC Transportes Armazenagem e Logistica,Toco,Nao
DTE9880,Giselda Aparecida Gomes Mundim Araujo,Bitruck,Nao
DTV5836,R A de Castilho Transportes,Carreta,Nao
DVS2609,Cisne Branco,Carreta,Nao
DVS2685,Marizileia Transportes,Carreta,Nao
DVS2708,TAC Transportes Armazenagem e Logistica,Carreta,Nao
DVS2765,Cisne Branco Transportes Ltda EPP,Carreta,Nao
DVS2H08,Brasfrios Logistica e Transportes Ltda,Carreta,Nao
DVS2H66,MMS Armazenagem e Logistica SA,Carreta,Nao
DVS3653,Cisne Branco,Carreta,Nao
DVT9G10,Baixotes Transportes,Carreta,Nao
DXV8593,Transmartyna Ltda ME,Carreta,Nao
EBQ6E39,Gold Star,Container,Nao
ECU2747,Transmartyna Ltda ME,Carreta,Nao
EFO7220,Maria Hildete Santana de Matos,Toco,Nao
EFO7709,Transmartyna Ltda ME,Carreta,Nao
EFU0217,Isavic Transporte e Armazenamento Ltda,Truck,Nao
EFW0G14,Tais Simoes Me,Carreta,Nao
EFW8180,Cooperativa de Transp e Logist de Sao Sebastiao do Oeste Mg,Carreta,Nao
EGK9135,Lacerda Barros Transportes Ltda.,Carreta,Nao
EHH8269,Omega X Solucoes em Log e Armazenagem Ltda,Carreta,Nao
ELW5G48,Manoel Araujo Dantas Transportes,3/4,Nao
EOA5B19,Cisne Branco,Carreta,Nao
EOE2358,Transportes Zanini Ltda,Carreta,Nao
EOE5228,Washington L S Costa Junior - ME,Bitruck,Nao
EPG0A36,Suinco,3/4,Nao
EPU7319,Transportadora Multi Express Ltda,Carreta,Nao
EPU7D19,Transportes e Armazenagem Zilli Ltda,Carreta,Nao
EPU9647,Dorsum Transporte e Logistica Eireli,Carreta,Nao
ESU1150,TAC Transportes Armazenagem e Logistica,Truck,Nao
ESU2194,ASAPH Transportes Ltda.,Carreta,Nao
ESU4I15,Avila Transportes Ltda Me,3/4,Nao
ESU6032,Cooperativa Riobranquense de Transportes Ltda.,3/4,Nao
ESU6206,R A de Castilho Transportes,Carreta,Nao
ESU6906,Dorsum Transporte e Logistica Eireli,Carreta,Nao
ESU6909,Dorsum Transporte e Logistica Eireli,Carreta,Nao
EVK0647,Matheus Gomes Mundim Araujo - ME,Toco,Nao
EVK0G47,Marques e Silva,Toco,Nao
EVO1H32,Gold Star,Container,Nao
EVO4763,Dorsum Transporte e Logistica Eireli,Carreta,Nao
EVP6973,R A de Castilho Transportes,Carreta,Nao
EWJ7D98,Gold Star,Container,Nao
EWU5609,Transportes e Armazenagem Zilli Ltda,Carreta,Nao
EYS5406,Transmartyna Ltda ME,Carreta,Nao
EZL8720,Transportadora Multi Express Ltda,Carreta,Nao
FCF5910,RN Transporte e Logistica Ltda,3/4,Nao
FCT9179,Gold Star,Container,Nao
FCZ2465,Gold Star,Container,Nao
FDC2122,AC Transportes,Carreta,Nao
FDC7122,AC Logística,Carreta,Nao
FEI3101,R A de Castilho Transportes,Carreta,Nao
FEI3956,Dorsum Transporte e Logistica Eireli,Carreta,Nao
FEI4913,Dorsum Transporte e Logistica Eireli,Carreta,Nao
FFI1091,Friocargo Norte Ltda,Toco,Nao
FFI1G03,MMS Armazenagem e Logistica SA,Carreta,Nao
FFN9122,Cisne Branco,Carreta,Nao
FJX0166,Transmartyna Ltda ME,Carreta,Nao
FKJ7020,Cooperativa Riobranquense de Transportes Ltda.,Carreta,Nao
FKS0886,R A de Castilho Transportes,Carreta,Nao
FLI6857,Isavic Transporte e Armazenamento Ltda,Bitruck,Nao
FLI6I57,Marques e Silva,Bitruck,Nao
FOI8313,Transmartyna Ltda ME,Carreta,Nao
FPI6789,R A de Castilho Transportes,Carreta,Nao
FPJ8120,Roosevelt Marques da Silva,Bitruck,Nao
FPJ8I20,Marques e Silva,Bitruck,Nao
FQV1237,Transmartyna Ltda ME,Carreta,Nao
FRS4F21,Marques e Silva,Bitruck,Nao
FSH2870,Log SPM Ltda,Carreta,Nao
FST8019,Gold Star,Container,Nao
FSZ8297,Multi Express,Carreta,Nao
FTY2826,Rodrigo A Rossi e Cia Ltda Me,Truck,Nao
FTZ2138,AJB Transportes,Truck,Nao
FVA0A95,Denia Transportes,Carreta,Nao
FZZ8821,Cooperativa Riobranquense de Transportes Ltda.,3/4,Nao
GBR3719,Dorsum Transporte e Logistica Eireli,Carreta,Nao
GFK8080,Friocargo Norte Ltda,Bitruck,Nao
GFK8A80,Denia Transportes,Bitruck,Nao
GHC0660,Cooperativa Riobranquense de Transportes Ltda.,Carreta,Nao
GHC3058,Cooperativa dos Transportadores Unidos Ltda.,Carreta,Nao
GRA9825,Transportes e Armazenagem Zilli Ltda,Truck,Nao
GRE3345,TAC Transportes Armazenagem e Logistica,Truck,Nao
GRE4738,Denia Transportes,Truck,Nao
GSW0386,Cooperativa Riobranquense de Transportes Ltda.,Carreta,Nao
GSW0509,TAC Transportes Armazenagem e Logistica,Carreta,Nao
GSW0709,Cooperativa Riobranquense de Transportes Ltda.,Truck,Nao
GSW7938,Transportes e Armazenagem Zilli Ltda,Truck,Nao
GVH1A92,Marques e Silva,Toco,Nao
GVI5286,Flay Logistica e Armazenagem Ltda,Truck,Nao
GVQ1260,Transportadora Multi Express Ltda,Carreta,Nao
GVQ6746,Flay Logistica e Armazenagem Ltda,Truck,Nao
GVQ8934,TAC Transportes Armazenagem e Logistica,Carreta,Nao
GWI3849,Flay Logistica e Armazenagem Ltda,Truck,Nao
GWI4688,TAC Transportes Armazenagem e Logistica,Truck,Nao
GWI4773,Posto Vanete Ltda,Carreta,Nao
GWI4H60,Cirio Alves de Oliveira Junior - Transportes,3/4,Nao
GWI8D40,Coopediesel,Carreta,Nao
GXA0293,Cooperativa Riobranquense de Transportes Ltda.,3/4,Nao
GXH6D13,Cirio Alves de Oliveira Junior - Transportes,Truck,Nao
GXM5591,TAC Transportes Armazenagem e Logistica,Truck,Nao
GXM5C08,Transportadora Multi Express Ltda,Bitruck,Nao
GXS2438,Matheus Gomes Mundim Araujo - ME,3/4,Nao
GXS7634,Lagam Transportes & Logistica Ltda,Bitruck,Nao
GYS6028,Omega X Solucoes em Logistica e Armazenagem Ltda,Truck,Nao
GYT1208,Trans Frios Transportes e Logistica Ltda ME,Truck,Nao
GZG1203,Posto Vanete Ltda,Carreta,Nao
GZG4309,TAC Transportes Armazenagem e Logistica,Bitruck,Nao
HAX4227,Cooperativa Riobranquense de Transportes Ltda.,Carreta,Nao
HBC1622,Cooperativa de Transportes Montenegro Ltda,Truck,Nao
HBG6828,Cooperativa Riobranquense de Transportes Ltda.,Toco,Nao
HBK6688,Cargofrio Logística e Armazenamento Ltda,Truck,Nao
HBN0986,Cooperativa Riobranquense de Transportes Ltda.,3/4,Nao
HBN1461,TAC Transportes Armazenagem e Logistica,Truck,Nao
HBN5086,TAC Transportes Armazenagem e Logistica Ltda,Truck,Nao
HBN8111,Omega X Solucoes em Log e Armazenagem Ltda,Bitruck,Nao
HBN8437,Cooperativa de Transportes Montenegro Ltda,Truck,Nao
HBN9825,Omega X Solucoes em Logistica e Armazenagem Ltda,Truck,Nao
HBZ0228,Transportes Horizonte Frios Ltda,Truck,Nao
HCQ6715,Agnaldo Gomes de Souza,Truck,Nao
HCS8947,Suinco Cooperativa de Suinocultores Ltda,3/4,Nao
HCW8714,Suinco Cooperativa de Suinocultores Ltda,3/4,Nao
HDI9336,TAC Transportes Armazenagem e Logistica,Carreta,Nao
HDI9937,Cooperativa Riobranquense de Transprotes Ltda,3/4,Nao
HDJ7625,Isavic Transporte e Armazenamento Ltda,Bitruck,Nao
HEE9J46,Baixotes Transportes,Carreta,Nao
HEH1386,Douglas Dornelas Figueiredo - 078331606-28,Toco,Nao
HFB9126,Washington L S Costa Junior - ME,Bitruck,Nao
HFB9139,Cooperativa de Transp e Logist de Sao Sebastiao do Oeste Mg,Bitruck,Nao
HFD4176,Coopertral,Carreta,Nao
HFD4I76,Coopertral,Carreta,Nao
HFF5A12,Denia Transportes,Carreta,Nao
HFF5F12,Denia Transportes,Carreta,Nao
HGH1150,Trans Frios Transportes e Logistica Ltda ME,Truck,Nao
HGJ8864,Matheus Gomes Mundim Araujo - ME,Bitruck,Nao
HHE9J46,Baixotes Transportes,Carreta,Nao
HHG1808,Cooperativa Riobranquense de Transprotes Ltda,3/4,Nao
HHI2962,Coopdiesel Coop de PF e PJ Seg Transportes em Geral,Toco,Nao
HHI2J62,Marques e Silva,Toco,Nao
HHK1101,TAC Transportes Armazenagem e Logistica,Carreta,Nao
HHK1128,Flay Logistica e Armazenagem Ltda,3/4,Nao
HHK1143,Sidelia de Fatima Costa ME,3/4,Nao
HHK1682,Transportes e Armazenagem Zilli Ltda,3/4,Nao
HHW5634,Cooperativa Riobranquense de Transportes Ltda.,3/4,Nao
HIA4316,Cooperativa Riobranquense de Transportes Ltda,Carreta,Nao
HIB9619,Trans Frios Transportes e Logistica Ltda ME,Truck,Nao
HIG4415,TAC Transportes Armazenagem e Logistica,3/4,Nao
HIG4J37,TAC Transportes Armazenagem e Logistica,3/4,Nao
HIJ4272,Transportadora Multi Express Ltda,Truck,Nao
HIM0845,Aparicio Valmir Ferreira,3/4,Nao
HIV1702,Washington L S Costa Junior - ME,Bitruck,Nao
HJA3D75,Marques e Silva,Toco,Nao
HJI9573,Transportes e Armazenagem Zilli Ltda,Toco,Nao
HJI9585,Comercial TIVI Ltda.,Toco,Nao
HJM3916,Cooperativa Riobranquense de Transportes Ltda.,3/4,Nao
HJZ4521,Washington L S Costa Junior - ME,Bitruck,Nao
HKE0322,Ailton Benedito Transportes Ltda,Bitruck,Nao
HKE0D22,TAC Transportes Armazenagem e Logistica,Bitruck,Nao
HKE5008,Isavic Transporte e Armazenamento Ltda,Carreta,Nao
HKF3605,Cooperativa Riobranquense de Transportes Ltda.,3/4,Nao
HKH0223,Flay Logistica e Armazenagem Ltda,Truck,Nao
HLI0380,TAC Transportes Armazenagem e Logistica,Bitruck,Nao
HLM4H60,Marques e Silva,Bitruck,Nao
HLM4J60,Marques e Silva,Bitruck,Nao
HLY7349,Cooperativa Riobranquense de Transportes Ltda.,Toco,Nao
HLY7350,TAC Transportes Armazenagem e Logistica,Toco,Nao
HLY7631,Cooperativa Riobranquense de Transportes Ltda.,Toco,Nao
HLY7632,Suinco Cooperativa de Suinocultores Ltda,Toco,Nao
HLY7G32,TAC Transportes Armazenagem e Logistica Ltda,Toco,Nao
HLY8107,Suinco,3/4,Nao
HLY8150,Suinco Cooperativa de Suinocultores Ltda,Toco,Nao
HMV4954,Logmaster Armazem e Logistica Ltda,Carreta,Nao
HMV4D02,Cooperativa Riobranquense de Transportes Ltda.,3/4,Nao
HMV6367,Avila Transportes Ltda Me,3/4,Nao
HNX2274,Trans Frios Transportes e Logistica Ltda ME,Bitruck,Nao
HOF4678,Cooperativa Riobranquense de Transportes Ltda,Toco,Nao
HPY3441,Mix Transportes Rodoviarios Ltda - ME,Carreta,Nao
HQR8499,Cooperativa Riobranquense de Transportes Ltda.,Truck,Nao
HQR8E99,Rodosousa,Truck,Nao
HRS6838,RA Transportes e Logistica Eireli,Carreta,Nao
HRS7035,Posto Vanete Ltda,Carreta,Nao
HRS8397,Cooperativa Riobranquense de Transportes Ltda.,Carreta,Nao
HRS8D97,Coopertral,Carreta,Nao
HSJ4627,Friocargo Norte Ltda,Carreta,Nao
IAH4303,Washington L S Costa Junior - ME,3/4,Nao
IAH8003,Sidelia de Fatima Costa ME,3/4,Nao
IKB9915,Posto Vanete Ltda,Carreta,Nao
IKU9328,Isavic Transporte e Armazenamento Ltda,Carreta,Nao
ILI3703,RN Transporte e Logistica Ltda,Carreta,Nao
ILI3H03,Baixotes Transportes,Carreta,Nao
INT7417,Transportadora Multi Express Ltda,Carreta,Nao
IOM9374,Cooperativa de Transp e Logist de Sao Sebastiao do Oeste Mg,Carreta,Nao
ISA1925,Transportes Prigol Ltda,Carreta,Nao
IUL0644,Transportes Prigol Ltda,Carreta,Nao
IUR2A43,HDX Transportes e Servicos Ltda,Carreta,Nao
IUR7491,Transportadora Spellmeier Ltda,Bitruck,Nao
IWH8877,Flay Logistica e Armazenagem Ltda,Bitruck,Nao
IYD3003,Tais Simoes Me,Carreta,Nao
IYD4400,Foba Transportes Ltda - ME,Carreta,Nao
IYX2917,Senio Transportes de cargas Rodoviaria Ltda,Carreta,Nao
IYY1676,Transportes Prigol Ltda,Carreta,Nao
JDD0140,Posto Vanete Ltda,Bitruck,Nao
JGZ0468,Flay Logistica e Armazenagem Ltda,Bitruck,Nao
JHJ6232,Friocargo Norte Ltda,3/4,Nao
JHX6373,Transportadora Multi Express Ltda,Bitruck,Nao
JIB3H29,Cirio Alves de Oliveira Junior - Transportes,3/4,Nao
JIG4767,Friocargo Triangulo Ltda,3/4,Nao
JJB8946,Denia Transportes,Truck,Nao
JOC2635,TAC Transportes Armazenagem e Logistica,Carreta,Nao
JOK0854,Cooperativa Riobranquense de Transportes Ltda.,Carreta,Nao
JOK0I54,Denia Transportes,Carreta,Nao
JRC5555,Trans Shirley Transportes Ltda.,Carreta,Nao
JRR2673,Transportadora Sudoeste Ltda,Toco,Nao
JXX9H64,Coopertral,Carreta,Nao
JYJ8844,Transportadora Multi Express Ltda,Carreta,Nao
JZS5651,Vivan Transportes Ltda,Carreta,Nao
KAC3J94,Gold Star,Container,Nao
KAN5655,Wandell Fabiano Jordao,3/4,Nao
KBY1081,R A de Castilho Transportes,Carreta,Nao
KDJ7A83,Patos Logística Eirelli,Carreta,Nao
KEB0368,Cooperativa Riobranquense de Transportes Ltda.,Carreta,Nao
KER9906,Cooperativa Riobranquense de Transportes Ltda.,Carreta,Nao
KER9J06,Tais Simoes Me,Carreta,Nao
KEY0318,Cooperativa de Transp e Logist de Sao Sebastiao do Oeste Mg,Carreta,Nao
KJZ5157,MMS Armazenagem e Logistica SA,Truck,Nao
KLA3D75,Baixotes Transportes,Carreta,Nao
KLA7375,Transportadora Baixotes Transportes Ltda,Carreta,Nao
KLA7D75,Baixotes Transportes,Carreta,Nao
KTC4518,R A de Castilho Transportes,Carreta,Nao
KWE2956,AC Armazenagem,Carreta,Nao
KWE2J56,AC Transportes,Carreta,Nao
KYP8147,Rodosousa Transportes Ltda,3/4,Nao
KZR8291,Trans Frios Transportes e Logistica Ltda ME,Toco,Nao
LBJ8963,Cooperativa dos Transportadores Unidos Ltda.,Carreta,Nao
LMO2E88,AC Transportes,Truck,Nao
LMO8E88,AC Transportes,Truck,Nao
LRD9999,TAC Transportes Armazenagem e Logistica,Carreta,Nao
LUX5135,Cooperativa Riobranquense de Transportes Ltda.,3/4,Nao
LWS0237,R A de Castilho Transportes,Carreta,Nao
LXV1767,GTRANS ALVES TRANSPORTES DE CARGAS LTDA,Carreta,Nao
LXV5629,Posto Vanete Ltda,Carreta,Nao
LYL4634,Fidelis Transportes Ltda.,Carreta,Nao
LYU2742,Posto Vanete Ltda,Carreta,Nao
LZN2849,RA Transportes e Logistica Eireli,Carreta,Nao
MBA1451,Cooperativa Riobranquense de Transportes Ltda.,Carreta,Nao
MBJ3588,Omega X Solucoes em Logistica e Armazenagem Ltda,Carreta,Nao
MBK0133,GF Transportes Ltda.,Carreta,Nao
MBS0127,TAC Transportes Armazenagem e Logistica,Carreta,Nao
MCA9D22,ASAPH Transportes Ltda.,Carreta,Nao
MCI0D83,Coopertral,Carreta,Nao
MCO2936,ASAPH Transportes Ltda.,Carreta,Nao
MCT6033,Transportes e Armazenagem Zilli Ltda,Carreta,Nao
MCV0B18,AC Logística,Carreta,Nao
MCY1282,Cooperativa Riobranquense de Transportes Ltda.,Carreta,Nao
MDG5672,Tais Simoes Me,Carreta,Nao
MDH7292,Omega X Solucoes em Log e Armazenagem Ltda,Carreta,Nao
MDL8499,Christine Prodocimo Roesel Marciano ME,Carreta,Nao
MDM9D65,Isavic Transportes e Armazenagem Ltda,Carreta,Nao
MDY6143,Omega X Solucoes em Logistica e Armazenagem Ltda,Carreta,Nao
MEC0238,ASAPH Transportes Ltda.,Carreta,Nao
MEG4089,Omega X Solucoes em Logistica e Armazenagem Ltda,Carreta,Nao
MEG4A89,Omega X Solucoes em Logistica e Armazenagem Ltda,Carreta,Nao
MEJ7716,Coopertral,Carreta,Nao
MEO7544,Isavic Transporte e Armazenamento Ltda,Carreta,Nao
MEV8145,Cooperativa Riobranquense de Transportes Ltda.,Carreta,Nao
MEX6H74,Omega X Solucoes em Logistica e Armazenagem Ltda,Carreta,Nao
MFC2421,Transportadora Baixotes Transportes Ltda,Carreta,Nao
MFC8804,TAC Transportes Armazenagem e Logistica,Truck,Nao
MFF8179,Baixotes Transportes,Carreta,Nao
MFF8879,TAC Transportes Armazenagem e Logistica,Carreta,Nao
MFF8I79,Baixotes Transportes,Carreta,Nao
MFI7684,Omega X Solucoes em Logistica e Armazenagem Ltda,Carreta,Nao
MFJ7671,Transportadora Baixotes Transportes Ltda,Carreta,Nao
MFJ7G71,Baixotes Transportes,Carreta,Nao
MFL9816,Carla da Silva Bruneti Trasp. Rodoviarios ME,Carreta,Nao
MFM4128,Canada Transportes e Comercio Ltda.,Carreta,Nao
MFM7088,Transportadora Baixotes Transportes Ltda,Carreta,Nao
MFM7A88,Baixotes Transportes,Carreta,Nao
MFN4147,Transportadora Multi Express Ltda,Carreta,Nao
MFR0J29,Coopertral,Carreta,Nao
MFT1992,Baixotes Transportes,Carreta,Nao
MFT1J92,Baixotes Transportes,Carreta,Nao
MFT5258,TAC Transportes Armazenagem e Logistica,Carreta,Nao
MFV8569,Cooperativa Riobranquense de Transportes Ltda.,Carreta,Nao
MFY8607,Sergio Nava e Cia Ltda,Carreta,Nao
MGD4806,Isavic Transportes e Armazenagem Ltda,Carreta,Nao
MGE5276,Cooperativa Riobranquense de Transportes Ltda.,Carreta,Nao
MGF8544,Omega X Solucoes em Logistica e Armazenagem Ltda,Carreta,Nao
MGF9902,R A de Castilho Transportes,Carreta,Nao
MGI4566,Canada Transportes e Comercio Ltda.,Carreta,Nao
MGN4810,G S Puridade Transportes e Servicos Ltda,Carreta,Nao
MGQ3782,Cooperativa Riobranquense de Transportes Ltda.,Carreta,Nao
MGR4809,Transportadora Multi Express Ltda,Carreta,Nao
MGS0639,Canada Transportes e Comercio Ltda.,Carreta,Nao
MGS8048,G S Puridade Transportes e Servicos Ltda,Carreta,Nao
MGW0189,Cooperativa dos Transportadores Unidos Ltda.,Carreta,Nao
MGY4450,Coopertral,Carreta,Nao
MHB1468,TRANSPORTES BASSANI LTDA.,Carreta,Nao
MHE7188,MMS Armazenagem e Logistica SA,Carreta,Nao
MHF3C63,Denia Transportes,Truck,Nao
MHF6C63,Denia Transportes,Carreta,Nao
MHH8G10,RP Express,Carreta,Nao
MHJ2202,Cooperativa Riobranquense de Transportes Ltda.,Carreta,Nao
MHJ5726,Transportadora Multi Express Ltda,Carreta,Nao
MHK7293,Isavic Transportes e Armazenagem Ltda,Carreta,Nao
MHM6045,Christine Prodocimo Roesel Marciano ME,Carreta,Nao
MHN3D66,TransOliveira,Carreta,Nao
MHN3D99,TransOliveira,Carreta,Nao
MHR4B55,Coopertral,Carreta,Nao
MHW7I56,Coopertral,Bitruck,Nao
MHW9911,Cooperativa Riobranquense de Transportes Ltda.,Carreta,Nao
MIM8459,Friocargo Norte Ltda,Carreta,Nao
MIQ6927,Posto Vanete Ltda,Carreta,Nao
MIV2712,Kaipper Continental Transportes Ltda,Carreta,Nao
MIZ0B87,Silva e Reis Transporte de Cargas Eireli Me,Carreta,Nao
MJE7248,Transportes e Armazenagem Zilli Ltda,Carreta,Nao
MJE8477,Canada Transportes,Carreta,Nao
MJG1727,R A de Castilho Transportes,Carreta,Nao
MJN3680,Christine Prodocimo Roesel Marciano ME,Carreta,Nao
MJN7006,Cooperativa Riobranquense de Transportes Ltda.,Carreta,Nao
MJW3158,Denia Transportes,Carreta,Nao
MJW3B58,Denia Transportes,Carreta,Nao
MJW3C63,Denia Transportes,Carreta,Nao
MKA7F71,MR Transportes,Carreta,Nao
MKC1529,Gilmar Scariot Transportes,Carreta,Nao
MKL9848,Posto Vanete Ltda,Carreta,Nao
MKP9C15,Coopediesel,Carreta,Nao
MKZ2997,Coop. de Tra. de Cargas do E. Santa Catarina,Carreta,Nao
MLC4834,JCRM TRANSPORTES E LOGISTICA LTDA,Carreta,Nao
MLK4271,Transportes e Armazenagem Zilli Ltda,Carreta,Nao
MLN5130,Coop. de Tra. de Cargas do E. Santa Catarina,Carreta,Nao
MLW7G66,Multi Express,Carreta,Nao
MME8413,Transportes Zanini Ltda,Carreta,Nao
MMH6129,Transportes Tozzo Ltda.,Carreta,Nao
MMJ7G71,Baixotes Transportes,Carreta,Nao
MMJ9E91,TransOliveira,Carreta,Nao
MMJ9E99,TransOliveira,Carreta,Nao
MRN5529,TAC Transportes Armazenagem e Logistica,Carreta,Nao
MRU6E28,G S Puridade Transportes e Servicos Ltda,Carreta,Nao
MTC4550,Cooperativa Riobranquense de Transportes Ltda,Toco,Nao
MWA6634,Cooperativa Riobranquense de Transportes Ltda.,Carreta,Nao
MXA2G32,Transportadora Multi Express Ltda,Carreta,Nao
MXB5208,Bruno Sergio Ferreira CPF 04625109647,Carreta,Nao
MXB5C08,AC Armazenagem,Carreta,Nao
MXD1E41,Coopertral,Carreta,Nao
NAB8188,Transportadora Multi Express Ltda,Carreta,Nao
NCH2H15,AC Transportes,Carreta,Nao
NCX0I40,Coopediesel,Carreta,Nao
NFC3660,Marcus Eduardo Andrades Peres,Truck,Nao
NFO1928,TAC Transportes Armazenagem e Logistica,Carreta,Nao
NGF2954,Cooperativa dos Transportadores Unidos Ltda.,Carreta,Nao
NJB2858,Galvão & Messias Ltda.,Carreta,Nao
NKE0329,RN Transporte e Logistica Ltda,Carreta,Nao
NKK7412,SS LOG Transportes e Logistica Ltda,Carreta,Nao
NKO0192,Transmartyna Ltda ME,Carreta,Nao
NLP0479,Lagam Transportes & Logistica Ltda,Bitruck,Nao
NPJ2578,Transportadora Multi Express Ltda,Carreta,Nao
NPJ2F58,Multi Express,Carreta,Nao
NPJ2F78,Multi Express,Carreta,Nao
NUE1B52,Cooperativa Riobranquense de Transportes Ltda.,Carreta,Nao
NVY0428,Posto Vanete Ltda,Carreta,Nao
NYE9761,TAC Transportes Armazenagem e Logistica,Truck,Nao
OBE9693,Baixotes Transportes,Carreta,Nao
OBE9G93,Baixotes Transportes,Carreta,Nao
OBL9073,Transportadora Multi Express Ltda,Carreta,Nao
ODA8650,Transportadora Multi Express Ltda,Carreta,Nao
OFN0964,Baixotes Transportes,Carreta,Nao
OFS2H37,Cooperativa Riobranquense de Transportes Ltda.,Bitruck,Nao
OGY2586,Cooperativa Riobranquense de Transportes Ltda.,3/4,Nao
OKF5239,Rubens Eugenio Fiorentin Transportes Ltda.,Bitruck,Nao
OKG2369,Sergio Nava e Cia Ltda,Carreta,Nao
OLI5344,TAC Transportes Armazenagem e Logistica,Carreta,Nao
OMB0200,Friocargo Triangulo Ltda,Carreta,Nao
OMB0466,Cooperativa Riobranquense de Transportes Ltda,3/4,Nao
OMF8787,Omega X Solucoes em Logistica e Armazenagem Ltda,Carreta,Nao
OMS4B32,Transportadora E Armazenagem Zilli Ltda,Carreta,Nao
ONZ4C37,Cisne Branco Transportes Ltda EPP,Carreta,Nao
OOF9544,Solucao Transportes e Servicos Eireli,Carreta,Nao
OOH4498,TAC Transportes Armazenagem e Logistica Ltda,Bitruck,Nao
OOH4976,Rodocunha Transportes Ltda - ME,Bitruck,Nao
OOH5001,Rodocunha Transportes Ltda - ME,Bitruck,Nao
OOV8H47,Marizileia Transportes,Carreta,Nao
OOW1277,Cooperativa Riobranquense de Transportes Ltda.,3/4,Nao
OOZ5927,Cooperativa Riobranquense de Transportes Ltda.,3/4,Nao
OOZ5955,Cooperativa Riobranquense de Transprotes Ltda,3/4,Nao
OPC4600,TAC Transportes Armazenagem e Logistica,Carreta,Nao
OPC6065,Cooperativa Riobranquense de Transportes Ltda.,3/4,Nao
OPF8308,Cooperativa de Transp e Logist de Sao Sebastiao do Oeste Mg,Bitruck,Nao
OPL2I85,Marques e Silva,Toco,Nao
OPM7245,Denia Transportes,Carreta,Nao
OPM7C45,Denia Transportes,Carreta,Nao
OPM7C55,Denia Transportes,Carreta,Nao
OPM9245,Denia Transportes,Carreta,Nao
OPQ0668,TAC Transportes Armazenagem e Logistica,Toco,Nao
OPQ0672,Transportadora Multi Express Ltda,Toco,Nao
OPQ3989,Suinco,Toco,Nao
OPS0605,Transportes e Armazenagem Zilli Ltda,Truck,Nao
OPT4189,Suinco Cooperativa de Suinocultores Ltda,3/4,Nao
OQA3631,TAC Transportes Armazenagem e Logistica,Carreta,Nao
OQB1826,Cooperativa Riobranquense de Transportes Ltda.,Carreta,Nao
OQH3838,Cooperativa Riobranquense de Transportes Ltda.,Toco,Nao
OQH4050,Cooperativa Riobranquense de Transportes Ltda.,Carreta,Nao
OQN4506,Logmaster Armazem e Logistica Ltda,Carreta,Nao
OQO4469,Bruno Sergio Ferreira CPF 04625109647,Carreta,Nao
OQP8538,Cooperativa Riobranquense de Transportes Ltda.,Carreta,Nao
OQQ2484,Cooperativa Riobranquense de Transportes Ltda.,3/4,Nao
OQR5074,Cooperativa Riobranquense de Transportes Ltda,Carreta,Nao
OQS0440,TAC Transportes Armazenagem e Logistica,Carreta,Nao
OQS5031,Locação e Administração Betel Eireli,Bitruck,Nao
ORB4130,Cooperativa Riobranquense de Transportes Ltda.,3/4,Nao
ORB9881,TAC Transportes Armazenagem e Logistica,Carreta,Nao
OWI8132,Cooperativa Riobranquense de Transprotes Ltda,Toco,Nao
OWO0091,Transportadora Multi Express Ltda,Truck,Nao
OWS5001,RN Transporte e Logistica Ltda,Toco,Nao
OXB7D48,MR Transportes,Carreta,Nao
OXC1638,Transportes e Armazenagem Zilli Ltda,Carreta,Nao
OXC9013,Maxfrios Distribuidora e Transporte Eireli,Bitruck,Nao
OXE9439,Cooperativa Riobranquense de Transportes Ltda.,Carreta,Nao
OXE9E39,Coopertral,Carreta,Nao
OXI0440,Cooperativa Riobranquense de Transportes Ltda.,Carreta,Nao
OXI2409,Cooperativa Riobranquense de Transportes Ltda.,Carreta,Nao
PLI2086,TAC Transportes Armazenagem e Logistica Ltda,Bitruck,Nao
PLI2A56,AJB Transportes,Bitruck,Nao
PLI2A86,AJB Transportes,Bitruck,Nao
PQS3A09,Coopertral,Carreta,Nao
PQT7204,TAC Transportes Armazenagem e Logistica Ltda,Carreta,Nao
PQT7984,TAC Transportes Armazenagem e Logistica,Carreta,Nao
PQT8064,TAC Transportes Armazenagem e Logistica,Carreta,Nao
PQT8074,TAC Transportes Armazenagem e Logistica,Carreta,Nao
PQT8084,Cooperativa Riobranquense de Transportes Ltda.,Carreta,Nao
PRO2122,Cooperativa Riobranquense de Transportes Ltda.,Carreta,Nao
PRR9846,TAC Transportes Armazenagem e Logistica,Carreta,Nao
PRS0146,Transportadora E Armazenagem Zilli Ltda,Carreta,Nao
PUA3I52,Marizileia Transportes,Carreta,Nao
PUD2035,Friocargo Triangulo Ltda,3/4,Nao
PUD5076,TAC Transportes Armazenagem e Logistica,Carreta,Nao
PUI0885,Cooperativa Riobranquense de Transprotes Ltda,3/4,Nao
PUJ1134,Cirio Alves de Oliveira Junior - Transportes,3/4,Nao
PUK7035,Coopernova Cooperativa Riobranquense de Transporte Ltda.,Carreta,Nao
PUL1460,Cooperativa Riobranquense de Transportes Ltda.,Carreta,Nao
PUL1470,Cooperativa Riobranquense de Transportes Ltda.,Carreta,Nao
PUN3820,Cooperativa Riobranquense de Transportes Ltda.,3/4,Nao
PUO3485,Cooperativa Riobranquense de Transportes Ltda.,Carreta,Nao
PUO3E85,Transportadora Multi Express Ltda,Carreta,Nao
PUO6C29,Marques e Silva,Carreta,Nao
PUQ8460,Cooperativa Riobranquense de Transportes Ltda.,Carreta,Nao
PUS8E44,Marques e Silva,Carreta,Nao
PUT4870,Formoso,Carreta,Nao
PUW9A61,TAC Transportes Armazenagem e Logistica,Carreta,Nao
PUX2971,G S Puridade Transportes e Servicos Ltda,Carreta,Nao
PUZ9960,Cooperativa Riobranquense de Transportes Ltda.,3/4,Nao
PVA4360,Trans Frios Transportes e Logistica Ltda ME,Bitruck,Nao
PVC6654,Transportes e Armazenagem Zilli Ltda,Toco,Nao
PVE6696,Transportadora Multi Express Ltda,Bitruck,Nao
PVG4686,Cooperativa Riobranquense de Transportes Ltda.,3/4,Nao
PVG7128,Cooperativa Riobranquense de Transprotes Ltda,3/4,Nao
PWA3260,Transportadora Multi Express Ltda,Carreta,Nao
PWC1358,Friocargo Triangulo Ltda,3/4,Nao
PWE3893,Cooperativa Riobranquense de Transportes Ltda.,Carreta,Nao
PWG1739,Transportes e Armazenagem Zilli Ltda,Bitruck,Nao
PWG1740,Cooperativa Riobranquense de Transportes Ltda.,Bitruck,Nao
PWL6615,Cooperativa Riobranquense de Transportes Ltda.,Carreta,Nao
PWL8958,Omega X Solucoes em Log e Armazenagem Ltda,Truck,Nao
PWP3047,Washington L S Costa Junior - ME,Bitruck,Nao
PWQ8784,TAC Transportes Armazenagem e Logistica,Truck,Nao
PXJ0726,M Braga & Sobrinho Ltda.,3/4,Nao
PYF0280,Cooperativa dos Transportadores Unidos Ltda.,Truck,Nao
PYP5755,Tais Simoes Me,Carreta,Nao
PYV7I69,Telma Souza de Oliveira Santos 28574076880,3/4,Nao
PYZ1D03,Baixotes Transportes,Bitruck,Nao
PZR6754,Cooperativa Riobranquense de Transportes Ltda.,Bitruck,Nao
PZR6H54,Denia Transportes,Bitruck,Nao
PZS5316,Flay Logistica e Armazenagem Ltda,Bitruck,Nao
QBC5B40,Multi Express,Carreta,Nao
QBH5J89,Multi Express,Carreta,Nao
QCE5G23,Multi Express,Carreta,Nao
QGJ0H09,Omega X Solucoes em Logistica e Armazenagem Ltda,Carreta,Nao
QHA1470,R A de Castilho Transportes,Carreta,Nao
QHF0778,Transportes Zanini Ltda,Carreta,Nao
QHK7670,Transportes Zanini Ltda,Carreta,Nao
QHT8275,Transportes Zanini Ltda,Carreta,Nao
QHT8855,Transportes Zanini Ltda,Carreta,Nao
QHT8885,Transportes Zanini Ltda,Carreta,Nao
QHV8C67,Coopertral,Carreta,Nao
QJI3576,Transportes Zanini Ltda,Carreta,Nao
QJK1913,Transportes e Comércio Irmãos Albiero Ltda ME,Carreta,Nao
QJM1037,Transportes Zanini Ltda,Carreta,Nao
QJU6926,Kaipper Continental Transportes Ltda,Carreta,Nao
QJZ7E76,Marques e Silva,Carreta,Nao
QMR2C59,Cooperativa de Transp e Logist de Sao Sebastiao do Oeste Mg,Bitruck,Nao
QMR2C75,Cooperativa de Transp e Logist de Sao Sebastiao do Oeste Mg,Bitruck,Nao
QMX6767,AC Transportes,Truck,Nao
QNA0693,Posto Vanete Ltda,Carreta,Nao
QNA4729,Isavic Transporte e Armazenamento Ltda,Carreta,Nao
QNK1999,Cooperativa Riobranquense de Transportes Ltda.,Truck,Nao
QNK8591,Cooperativa dos Transportadores Unidos Ltda.,Carreta,Nao
QNN3324,Transportadora Multi Express Ltda,Bitruck,Nao
QNQ7011,Cooperativa Riobranquense de Transportes Ltda.,Carreta,Nao
QNQ7021,Cooperativa Riobranquense de Transportes Ltda.,Carreta,Nao
QNQ7031,Cooperativa Riobranquense de Transportes Ltda.,Carreta,Nao
QNQ7041,Cooperativa Riobranquense de Transportes Ltda.,Carreta,Nao
QNQ7A11,Transportadora Multi Express Ltda,Carreta,Nao
QNQ7A31,Bruno Sergio Ferreira CPF 04625109647,Carreta,Nao
QNQ7A41,TAC Transportes Armazenagem e Logistica,Carreta,Nao
QNV2963,Mult Service Montes Claros,Carreta,Nao
QNV4183,Trans Frios Transportes e Logistica Ltda ME,Bitruck,Nao
QNW7336,Cooperativa Riobranquense de Transportes Ltda,Toco,Nao
QNZ7304,Logmaster Armazem e Logistica Ltda,Carreta,Nao
QNZ7305,Friocargo Triangulo Ltda,Carreta,Nao
QOC1193,Transportadora Multi Express Ltda,Bitruck,Nao
QOC3718,Cooperativa Riobranquense de Transportes Ltda.,Carreta,Nao
QOI6463,Matheus Gomes Mundim Araujo - ME,3/4,Nao
QON7112,Cooperativa Riobranquense de Transportes Ltda,Carreta,Nao
QOW1672,Cooperativa Riobranquense de Transportes Ltda.,Bitruck,Nao
QPA2533,AJB Transportes,Bitruck,Nao
QPX7375,Posto Vanete,Carreta,Nao
QPX7381,Posto Vanete,Carreta,Nao
QPX7384,Posto Vanete,Carreta,Nao
QPZ8I27,TransOliveira,Carreta,Nao
QQG3946,SS LOG Transportes e Logistica Ltda,Carreta,Nao
QQI3E51,MR Transportes,Carreta,Nao
QQO5J16,Multi Express,Carreta,Nao
QQO8876,Transportes Horizonte Frios Ltda,Carreta,Nao
QQP6621,Coopertral,Carreta,Nao
QQT1682,Transportadora Multi Express Ltda,Carreta,Nao
QQT1G82,Coopertral,Carreta,Nao
QRD1152,Tais Simoes Me,Carreta,Nao
QUB9352,Cooperativa Riobranquense de Transprotes Ltda,3/4,Nao
QUG1307,Transportadora Multi Express Ltda,Carreta,Nao
QUU0926,Transportes e Armazenagem Zilli Ltda,Carreta,Nao
QUU0940,Cooperativa Riobranquense de Transportes Ltda.,Carreta,Nao
QWV2926,Transfernata Ltda.,Carreta,Nao
QXA2439,AC Logística,Carreta,Nao
QXL7916,Maxfrios Distribuidora e Transporte Eireli,Carreta,Nao
QXT8D43,MMS Armazenagem e Logistica SA,Carreta,Nao
QXY1F27,Cooperativa Riobranquense de Transportes Ltda.,Carreta,Nao
QXY4B02,Rodosousa,Bitruck,Nao
RAG4A52,Cooperativa dos Transportadores Unidos Ltda.,Carreta,Nao
RAI1G55,Canada Transportes e Comercio Ltda.,Carreta,Nao
RAJ9J31,Bruno Sergio Ferreira CPF 04625109647,Carreta,Nao
RCM4A73,MR Transportes,Carreta,Nao
RCP3C74,Marizileia Transportes,Carreta,Nao
REE0C39,Cooperativa Riobranquense de Transportes Ltda.,3/4,Nao
RFB3J59,Transportadora Multi Express Ltda,Carreta,Nao
RFE0H49,Coopertral,Carreta,Nao
RFZ7C00,Omega X Solucoes em Logistica e Armazenagem Ltda,Carreta,Nao
RLA5H78,LNF Transporte,Carreta,Nao
RLG6A98,Marvel,Container,Nao
RMH8G11,Multi Express,Carreta,Nao
RMM0C10,Coopertral,Carreta,Nao
RMM0C17,Marizileia Transportes,Carreta,Nao
RMS9H45,Multi Express,Carreta,Nao
RMT0F38,Baixotes Transportes,Carreta,Nao
RMT0F41,Baixotes Transportes,Carreta,Nao
RMW1A91,Coopertral,Truck,Nao
RMX0B03,Multi Express,Carreta,Nao
RMY8J16,AJB Transportes,Bitruck,Nao
RNC6F46,Transportadora Multi Express Ltda,Carreta,Nao
RNC7B23,Marques e Silva,Bitruck,Nao
RND3D90,MR Transportes,Carreta,Nao
RNS2J03,Dorense Transportes de Cargas Ltda-ME,Bitruck,Nao
RNS3G28,Suinco,3/4,Nao
RNS3G61,Suinco,3/4,Nao
RNS3J61,Suinco,3/4,Nao
RNT5I98,Suinco,3/4,Nao
RNT5J03,Suinco,3/4,Nao
RNT8C00,Marizileia Transportes,Carreta,Nao
RNU1H74,MR Transportes,Carreta,Nao
RNV2A77,Suinco,3/4,Nao
RNV4H60,Suinco,3/4,Nao
RNV5G22,Suinco,3/4,Nao
RNW4H60,Suinco,3/4,Nao
RNW7J57,Suinco,3/4,Nao
RNX0C26,Suinco,3/4,Nao
RNX0C28,Suinco,3/4,Nao
RNX3C26,Suinco,3/4,Nao
RNX3C28,Suinco,3/4,Nao
RNY8J16,AJB Transportes,Bitruck,Nao
RTD7C55,MR Transportes,Carreta,Nao
RTF6I71,Cargofrio Logística e Armazenamento Ltda,Bitruck,Nao
RUG6B37,Max Frios,Bitruck,Nao
RUM4A51,Coopertral,Carreta,Nao
RUR5A00,Marizileia Transportes,Carreta,Nao
RVI5B24,AC Armazenagem,Truck,Nao
RVN5G22,Suinco,3/4,Nao
RVO3A10,MR Transportes,Carreta,Nao
SDB3F38,AJB Transportes,Bitruck,Nao
SDB4F38,AJB Transportes,Bitruck,Nao
SDX0G28,PH Fidelis,Bitruck,Nao
SIW0E00,Marizileia Transportes,Carreta,Nao
SIY0147,Suinco,3/4,Nao
SIY0G36,Suinco,3/4,Nao
SIY0G38,Suinco,3/4,Nao
SIY0G39,Suinco,3/4,Nao
SIY0G41,Suinco,3/4,Nao
SIY0G43,Suinco,3/4,Nao
SIY0I47,Suinco,3/4,Nao
SIY7A00,Marizileia Transportes,Carreta,Nao
SIYOG36,Suinco,3/4,Sim
SJY7D76,Joyway Food,Container,Nao
SRZ4E29,MR Transportes,Bitruck,Nao
SXF8J27,LNF Transporte,Carreta,Nao
SXT9B03,Marvel,Carreta,Nao
SYC3C00,Marizileia Transportes,Carreta,Nao
SYJ5J26,Coopertral,Carreta,Nao
SYW0B00,Marizileia Transportes,Carreta,Nao
SYW0E00,Marizileia Transportes,Carreta,Nao
SYX4I27,MR Transportes,Carreta,Nao
TCD2B57,Baixotes Transportes,Carreta,Nao
TCG1A00,Marizileia Transportes,Carreta,Nao
TCG9H61,MR Transportes,Carreta,Nao
TCS9I99,Coopertral,Carreta,Nao
TCY9J14,Pedro Ferreira Transportes,Carreta,Nao
TDQ7I07,MR Transportes,Carreta,Nao
TEW0A46,Multi Express,Carreta,Nao
TEW0A97,Multi Express,Carreta,Nao
TIX4J94,LNF Transporte,Carreta,Nao
TIX8F93,LNF Transporte,Carreta,Nao
TPO5I06,Marvel,Carreta,Nao
TXE6E82,Coopertral,Truck,Nao
TXT3J12,MR Transportes,Carreta,Nao
TXU5G95,MR Transportes,Carreta,Nao
TXX3C52,Max Frios,Bitruck,Nao
TXZ6E13,MR Transportes,Carreta,Nao
TXZ6E82,Coopertral,Truck,Nao
TYZ4J12,Multi Express,Bitruck,Nao
TZB6H99,Multi Express,Carreta,Nao
TZE6E82,Coopertral,Truck,Nao
